<?xml version="1.0" encoding="UTF-8" ?>
<!--

    Copyright (c) 2007-2011, Kaazing Corporation. All rights reserved.

-->

<!-- Gateway configuration for a balancer gateway -->
<gateway-config xmlns="http://xmlns.kaazing.com/gateway-config/excalibur">

  <!--
  Property defaults

  Specify the default values for properties which will be substituted when
  the Gateway starts. You can replace any values in this configuration file
  with a property using the dollar-sign and curly brace format demonstrated
  in the cluster configuration below. Starting the Gateway replaces all
  instances of property-name with the value you specify in this section.

  You can supersede property default values by using an environment variable
  when starting the Gateway. See the Setting Up Kaazing WebSocket Gateway guide
  in the documentation for more information.
  -->
  <properties>
    <property>
      <name>gateway.hostname</name>
      <value>localhost</value>
    </property>
    <property>
      <name>gateway.ip.address</name>
      <value>127.0.0.1</value>
    </property>
  </properties>

  <!-- 
       Cluster configuration for a balancer. 
       Balancer connects to service gateway cluster as a client.
  -->
  <cluster>
    <name>kzha</name>

    <connect>tcp://${gateway.ip.address}:5942</connect>
    <connect>tcp://${gateway.ip.address}:5943</connect>

    <mode>client</mode> 

  </cluster>

  <!-- Session configuration -->
  <session>
    <!-- associate service realms automatically -->
    <service-domain>${gateway.hostname}</service-domain>

    <!-- Configure HTTP authentication -->
    <authentication-scheme>Basic</authentication-scheme>
    <realm-name>demo</realm-name>

    <!-- Configure the session cookie -->
    <encryption-key-alias>session</encryption-key-alias>
    <inactivity-timeout>1800</inactivity-timeout>
  </session>

  <!-- Directory service -->
  <service>
    <accept>http://${gateway.hostname}:8080/</accept>

    <type>directory</type>

    <properties>
      <directory>/extras</directory>
      <welcome-file>index.html</welcome-file>
    </properties>

    <!--
    <auth-constraint>
      <require-role>AUTHORIZED</require-role>
    </auth-constraint>
    -->
  </service>

  <!-- Balancer service configuration for echo service-->
  <service>
    <!-- 
         Accepts for the balancer. 
         These URIs are redirected transparently to one of the cluster members.
         Clients will use these URIs in their WebSockets. 
    -->
    <accept>ws://${gateway.hostname}:8081/echo</accept>

    <type>balancer</type>

    <cross-site-constraint>
      <allow-origin>http://${gateway.hostname}:8080</allow-origin>
    </cross-site-constraint>
  </service>

  <!--
  UDP broadcast service
  This type of service is used to broadcast information from a back-end
  service.
  
  Kaazing WebSocket Gateway supports Multicast. To configure a service 
  that is running on Kaazing WebSocket Gateway to use a multicast address,
  you must specify the multicast URI in the accept property.
  See the section "Configuring Kaazing Gateway to Use Multicast" in the
  Administrator's Guide for more information.
  -->
  <service>
    <accept>sse://${gateway.hostname}:8080/sse</accept>

    <type>balancer</type>

    <!--
    <auth-constraint>
      <require-role>AUTHORIZED</require-role>
    </auth-constraint>
    -->
    
    <cross-site-constraint>
      <allow-origin>http://${gateway.hostname}:8080</allow-origin>
    </cross-site-constraint>
  </service>


  <!-- Security configuration -->
  <security>
    <keystore>
      <type>JCEKS</type>
      <file>keystore.db</file>
      <password-file>keystore.pw</password-file>
    </keystore>

    <truststore>
      <file>truststore.db</file>
    </truststore>

    <realm>
      <name>demo</name>
      <description>Kaazing Enterprise Gateway Demo</description>
      <login-module>
        <type>file</type>
        <success>required</success>
        <options>
          <file>jaas-config.xml</file>
        </options>
      </login-module>
    </realm>
  </security>

</gateway-config>
