<?xml version="1.0" encoding="UTF-8" ?>
<!--

    Copyright (c) 2007-2011, Kaazing Corporation. All rights reserved.

-->

<gateway-config xmlns="http://xmlns.kaazing.com/gateway-config/excalibur">

  <!--
  Property defaults

  Specify the default values for properties which will be substituted when
  the Gateway starts. You can replace any values in this configuration file
  with a property using the dollar-sign and curly brace format demonstrated
  in the cluster configuration below. Starting the Gateway replaces all
  instances of property-name with the value you specify in this section.

  You can supersede property default values by using an environment variable
  when starting the Gateway. See the Setting Up Kaazing WebSocket Gateway guide
  in the documentation for more information.
  -->
  <properties>
    <property>
      <name>gateway.hostname</name>
      <value>localhost</value>
    </property>
    <property>
      <name>gateway.ip.address</name>
      <value>127.0.0.1</value>
    </property>
  </properties>

  <!-- Gateway cluster configuration -->
  <cluster>
    <name>kzha</name>

    <accept>tcp://${gateway.ip.address}:5942</accept>
    <connect>tcp://${gateway.ip.address}:5943</connect>

    <mode>peer</mode> 

  </cluster>

  <!-- Security configuration -->
  <security>
    <keystore>
      <type>JCEKS</type>
      <file>keystore.db</file>
      <password-file>keystore.pw</password-file>
    </keystore>

    <truststore>
      <file>truststore.db</file>
    </truststore>

    <realm>
      <name>demo</name>
      <description>Kaazing Enterprise Gateway Demo</description>
      <login-module>
        <type>file</type>
        <success>required</success>
        <options>
          <file>jaas-config.xml</file>
        </options>
      </login-module>
    </realm>
  </security>

  <!-- UDP broadcast service -->
  <service>
    <accept>sse://${gateway.hostname}:8180/sse</accept>

    <balance>sse://${gateway.hostname}:8080/sse</balance>

    <type>broadcast</type>

    <properties>
      <accept>udp://${gateway.hostname}:50505</accept>
    </properties>

    <!--
    <auth-constraint>
      <require-role>AUTHORIZED</require-role>
    </auth-constraint>
    -->
    
    <cross-site-constraint>
      <allow-origin>http://${gateway.hostname}:8080</allow-origin>
    </cross-site-constraint>
  </service>

  <!-- Echo service -->
  <!-- Echo running on a separate port verifies cross-origin access -->
  <service>
    <accept>ws://${gateway.hostname}:8181/echo</accept>

    <balance>ws://${gateway.hostname}:8081/echo</balance>

    <type>echo</type>

    <!--
    <auth-constraint>
      <require-role>AUTHORIZED</require-role>
    </auth-constraint>
    -->
    
    <cross-site-constraint>
      <allow-origin>http://${gateway.hostname}:8080</allow-origin>
    </cross-site-constraint>
  </service>        

</gateway-config>
