<?xml version="1.0"?>
<doc>
    <assembly>
        <name>com.kaazing.gateway.client.dotnet.core</name>
    </assembly>
    <members>
        <member name="T:com.kaazing.gateway.client.html5.ByteBuffer">
            <summary>
            ByteBuffer provides an auto-expanding buffer.
            </summary>
        </member>
        <member name="M:com.kaazing.gateway.client.html5.ByteBuffer.#ctor">
            <summary>
            Creates a new ByteBuffer
            </summary>
        </member>
        <member name="M:com.kaazing.gateway.client.html5.ByteBuffer.#ctor(System.Int32)">
            <summary>
            Creates a new ByteBuffer with the specified initial capacity
            </summary>
            <param name="capacity">Initial capacity</param>
        </member>
        <member name="M:com.kaazing.gateway.client.html5.ByteBuffer.#ctor(System.Byte[])">
            <summary>
            Creates a new ByteBuffer from the provided byte array
            </summary>
            <param name="bytes"></param>
        </member>
        <member name="M:com.kaazing.gateway.client.html5.ByteBuffer.#ctor(System.Byte[],System.Int32,System.Int32)">
            <summary>
            Creates a new Bytebuffer from a subset of the provided byte array
            </summary>
            <param name="bytes">The byte array</param>
            <param name="offset">The starting index</param>
            <param name="length">The number of bytes to copy into the ByteBuffer</param>
        </member>
        <member name="F:com.kaazing.gateway.client.html5.ByteBuffer.Limit">
            <summary>
            The last byte available for reading.
            </summary>
        </member>
        <member name="F:com.kaazing.gateway.client.html5.ByteBuffer.Position">
            <summary>
            The Position property indicates the progress through the buffer,
            and indicates the position within the underlying array that
            subsequent data will be read from or written to.
            </summary>
        </member>
        <member name="F:com.kaazing.gateway.client.html5.ByteBuffer.AutoExpand">
            <summary>
            The AutoExpand property enables writing variable length data and is true
            by default.
            </summary>
        </member>
        <member name="F:com.kaazing.gateway.client.html5.ByteBuffer.Order">
            <summary>
            Byte Order for marshalling.  BigEndian by default (most significant byte first).
            </summary>
        </member>
        <member name="M:com.kaazing.gateway.client.html5.ByteBuffer.Array">
            <summary>
            The underlying storage for the ByteBuffer
            </summary>
            <returns>The underlying byte array</returns>
        </member>
        <member name="M:com.kaazing.gateway.client.html5.ByteBuffer.Allocate(System.Int32)">
            <summary>
            Allocates a new ByteBuffer instance
            </summary>
            <param name="capacity">Initial capacity</param>
            <returns>The created ByteBuffer</returns>
        </member>
        <member name="M:com.kaazing.gateway.client.html5.ByteBuffer.Wrap(System.Byte[])">
            <summary>
            Wraps a byte array as a new ByteBuffer instance
            </summary>
            <param name="bytes">An array of bytes</param>
            <returns>The created ByteBuffer</returns>
        </member>
        <member name="M:com.kaazing.gateway.client.html5.ByteBuffer.Wrap(System.Byte[],System.Int32,System.Int32)">
            <summary>
            Wraps a partial byte array as a new ByteBuffer instance.
            </summary>
            <param name="bytes">An array of bytes</param>
            <param name="offset">Starting index in byte array</param>
            <param name="length">Number of bytes to copy into the ByteBuffer</param>
            <returns></returns>
        </member>
        <member name="M:com.kaazing.gateway.client.html5.ByteBuffer.Mark">
            <summary>
            Marks a position in the buffer
            </summary>
            <returns>The buffer</returns>
        </member>
        <member name="M:com.kaazing.gateway.client.html5.ByteBuffer.MarkValue">
            <summary>
            Returns the mark position
            </summary>
            <returns>The mark position</returns>
        </member>
        <member name="M:com.kaazing.gateway.client.html5.ByteBuffer.Reset">
            <summary>
            Resets the buffer position using the mark
            </summary>
            <returns>The buffer</returns>
        </member>
        <member name="M:com.kaazing.gateway.client.html5.ByteBuffer.Flip">
            <summary>
            Flips the buffer. The limit is set to the current position,
            the position is set to zero, and the mark is reset.
            </summary>
            <returns>The flipped buffer</returns>
        </member>
        <member name="M:com.kaazing.gateway.client.html5.ByteBuffer.SetOrder(com.kaazing.gateway.client.html5.ByteOrder)">
            <summary>
            Sets the byte endianness of the buffer.
            </summary>
            <param name="o">The new byte order</param>
            <returns>The buffer</returns>
        </member>
        <member name="M:com.kaazing.gateway.client.html5.ByteBuffer.Skip(System.Int32)">
            <summary>
            Skips the specified number of bytes from the current position.
            </summary>
            <param name="size">Number of bytes to skip.</param>
            <returns>The buffer</returns>
        </member>
        <member name="M:com.kaazing.gateway.client.html5.ByteBuffer.Compact">
            <summary>
            Compacts the buffer by removing leading bytes up to the
            buffer position and decrements the limit and position
            values accordingly.
            </summary>
            <returns>The buffer</returns>
        </member>
        <member name="M:com.kaazing.gateway.client.html5.ByteBuffer.Fill(System.Int32)">
            <summary>
            Fills the buffer with a repeated number of zeros.
            </summary>
            <param name="size">Number of zeros to repeat</param>
            <returns>The buffer</returns>
        </member>
        <member name="M:com.kaazing.gateway.client.html5.ByteBuffer.FillWith(System.Byte,System.Int32)">
            <summary>
            Fills the buffer with a number of repeated bytes.
            </summary>
            <param name="b">The byte value to repeat</param>
            <param name="size">The number of bytes to repeat</param>
            <returns>The buffer</returns>
        </member>
        <member name="M:com.kaazing.gateway.client.html5.ByteBuffer.Duplicate">
            <summary>
            Creates a copy of the buffer.
            </summary>
            <returns>The duplicate buffer</returns>
        </member>
        <member name="M:com.kaazing.gateway.client.html5.ByteBuffer.Remaining">
            <summary>
            Returns the number of bytes remaining from the current position to the limit.
            </summary>
            <returns>The number of bytes remaining</returns>
        </member>
        <member name="M:com.kaazing.gateway.client.html5.ByteBuffer.HasRemaining">
            <summary>
            Returns true if this buffer has remaining bytes, false otherwise
            </summary>
            <returns>Whether this buffer has remaining bytes</returns>
        </member>
        <member name="M:com.kaazing.gateway.client.html5.ByteBuffer.IndexOf(System.Byte)">
            <summary>
            Returns the index of the specified byte in the buffer.
            </summary>
            <param name="c">The byte value to find</param>
            <returns>The index of the byte in the buffer or -1 if not found</returns>
        </member>
        <member name="M:com.kaazing.gateway.client.html5.ByteBuffer.Put(System.Byte)">
            <summary>
            Puts a single byte  into the buffer at the current position.
            </summary>
            <param name="b">The byte value</param>
            <returns>The buffer</returns>
        </member>
        <member name="M:com.kaazing.gateway.client.html5.ByteBuffer.PutAt(System.Int32,System.Byte)">
            <summary>
            Puts a single byte into the buffer at ths specified index.
            </summary>
            <param name="i">The byte value</param>
            <param name="b">The index</param>
            <returns>The buffer</returns>
        </member>
        <member name="M:com.kaazing.gateway.client.html5.ByteBuffer.PutShort(System.Int16)">
            <summary>
            Puts a two-byte number into the buffer at the current position
            </summary>
            <param name="v">The two-byte number</param>
            <returns>The buffer</returns>
        </member>
        <member name="M:com.kaazing.gateway.client.html5.ByteBuffer.PutShortAt(System.Int32,System.Int16)">
            <summary>
            Puts a two-byte number into the buffer at the specified index
            </summary>
            <param name="position">The two-byte number</param>
            <param name="v">The index</param>
            <returns>The buffer</returns>
        </member>
        <member name="M:com.kaazing.gateway.client.html5.ByteBuffer.PutMediumInt(System.Int32)">
            <summary>
            Puts a three-byte number into the buffer at the current position
            </summary>
            <param name="v">The three-byte number</param>
            <returns>The buffer</returns>
        </member>
        <member name="M:com.kaazing.gateway.client.html5.ByteBuffer.PutMediumIntAt(System.Int32,System.Int32)">
            <summary>
            Puts a three-byte number into the buffer at the specified index
            </summary>
            <param name="position">The index</param>
            <param name="v">The three-byte number</param>
            <returns>The buffer</returns>
        </member>
        <member name="M:com.kaazing.gateway.client.html5.ByteBuffer.PutInt(System.Int32)">
            <summary>
            Puts a four-byte number into the buffer at the current position
            </summary>
            <param name="v">The four-byte number</param>
            <returns>The buffer</returns>
        </member>
        <member name="M:com.kaazing.gateway.client.html5.ByteBuffer.PutIntAt(System.Int32,System.Int32)">
            <summary>
            Puts a four-byte number into the buffer at the specified index
            </summary>
            <param name="position">The index</param>
            <param name="v">The four-byte number</param>
            <returns>The buffer</returns>
        </member>
        <member name="M:com.kaazing.gateway.client.html5.ByteBuffer.PutLong(System.Int64)">
            <summary>
            Puts an eight-byte number into the buffer at the current position
            </summary>
            <param name="v">The eight-byte number</param>
            <returns>The buffer</returns>
        </member>
        <member name="M:com.kaazing.gateway.client.html5.ByteBuffer.PutLongAt(System.Int32,System.Int64)">
            <summary>
            Puts an eight-byte number into the buffer at the specified index
            </summary>
            <param name="position">The index</param>
            <param name="v">The eight-byte number</param>
            <returns>The buffer</returns>
        </member>
        <member name="M:com.kaazing.gateway.client.html5.ByteBuffer.PutBuffer(com.kaazing.gateway.client.html5.ByteBuffer)">
            <summary>
            Puts a ByteBuffer into the buffer at the current position
            </summary>
            <param name="b">The second buffer</param>
            <returns>The buffer</returns>
        </member>
        <member name="M:com.kaazing.gateway.client.html5.ByteBuffer.PutBuffer(com.kaazing.gateway.client.html5.ByteBuffer,System.Int32)">
            <summary>
            Puts a ByteBuffer into the buffer at the current position with specified maximum length
            </summary>
            <param name="b">The source buffer</param>
            <param name="len">Maximum length copied</param>
            <returns>The buffer</returns>
        </member>
        <member name="M:com.kaazing.gateway.client.html5.ByteBuffer.PutBufferAt(System.Int32,com.kaazing.gateway.client.html5.ByteBuffer)">
            <summary>
            Puts a ByteBuffer into the buffer at the specified index
            </summary>
            <param name="i">The index</param>
            <param name="b">The source buffer</param>
            <returns>The buffer</returns>
        </member>
        <member name="M:com.kaazing.gateway.client.html5.ByteBuffer.PutBufferAt(System.Int32,com.kaazing.gateway.client.html5.ByteBuffer,System.Int32)">
            <summary>
            Puts a ByteBuffer into the buffer at the specified index
            </summary>
            <param name="i">The index</param>
            <param name="b">The source buffer</param>
            <param name="len">Maximum length copied</param>
            <returns>The buffer</returns>
        </member>
        <member name="M:com.kaazing.gateway.client.html5.ByteBuffer.PutPrefixedString(System.Int32,System.String,System.Text.Encoding)">
            <summary>
            Puts a length-prefixed string into the buffer at the current position
            </summary>
            <param name="fieldSize">Size of the length prefix field</param>
            <param name="v">The string</param>
            <param name="e">The character set</param>
            <returns>The buffer</returns>
        </member>
        <member name="M:com.kaazing.gateway.client.html5.ByteBuffer.PutString(System.String,System.Text.Encoding)">
            <summary>
            Puts a string into the buffer at the specified index, using the
            character set to encode the string as bytes.
            </summary>
            <param name="v">The string</param>
            <param name="e">The character set</param>
            <returns>The buffer</returns>
        </member>
        <member name="M:com.kaazing.gateway.client.html5.ByteBuffer.PutBytes(System.Byte[])">
            <summary>
            Puts a byte array into the buffer at the current position
            </summary>
            <param name="bytes">The byte array</param>
            <returns>The buffer</returns>
        </member>
        <member name="M:com.kaazing.gateway.client.html5.ByteBuffer.PutBytes(System.Byte[],System.Int32,System.Int32)">
            <summary>
            Puts a byte array into the buffer at the current position
            </summary>
            <param name="bytes">The byte array</param>
            <param name="offset">Offset in the byte array</param>
            <param name="length">Number of bytes to copy</param>
            <returns>The buffer</returns>
        </member>
        <member name="M:com.kaazing.gateway.client.html5.ByteBuffer.PutBytesAt(System.Int32,System.Byte[])">
            <summary>
            Puts a byte array into the buffer at the specified index
            </summary>
            <param name="i">The index</param>
            <param name="bytes">The byte array</param>
            <returns>The buffer</returns>
        </member>
        <member name="M:com.kaazing.gateway.client.html5.ByteBuffer.PutUnsignedShort(System.UInt16)">
            <summary>
            Put an Unsigned Short integer into the ByteBuffer
            </summary>
            <param name="v"></param>
            <returns>The buffer</returns>
        </member>
        <member name="M:com.kaazing.gateway.client.html5.ByteBuffer.PutUnsignedInt(System.UInt32)">
            <summary>
            Put an Unsigned Int into the ByteBuffer
            </summary>
            <param name="value"></param>
            <returns>The buffer</returns>
        </member>
        <member name="M:com.kaazing.gateway.client.html5.ByteBuffer.Get">
            <summary>
            Returns a single byte from the buffer at the current position
            </summary>
            <returns>The single byte</returns>
        </member>
        <member name="M:com.kaazing.gateway.client.html5.ByteBuffer.GetAt(System.Int32)">
            <summary>
            Returns a single byte from the buffer at the specified index
            </summary>
            <param name="i">The index</param>
            <returns>The single byte</returns>
        </member>
        <member name="M:com.kaazing.gateway.client.html5.ByteBuffer.GetShort">
            <summary>
            Returns a two-byte number from the buffer at the current position
            </summary>
            <returns>The two-byte number</returns>
        </member>
        <member name="M:com.kaazing.gateway.client.html5.ByteBuffer.GetShortAt(System.Int32)">
            <summary>
            Returns a two-byte number from the buffer at the specified index
            </summary>
            <param name="i">The index</param>
            <returns>The two-byte number</returns>
        </member>
        <member name="M:com.kaazing.gateway.client.html5.ByteBuffer.GetMediumInt">
            <summary>
            Returns a three-byte number from the buffer at the current position
            </summary>
            <returns>The three-byte number</returns>
        </member>
        <member name="M:com.kaazing.gateway.client.html5.ByteBuffer.GetMediumIntAt(System.Int32)">
            <summary>
            Returns a three-byte number from the buffer at the specified index
            </summary>
            <param name="i">The index</param>
            <returns>The three-byte number</returns>
        </member>
        <member name="M:com.kaazing.gateway.client.html5.ByteBuffer.GetInt">
            <summary>
            Returns a four-byte number from the buffer at the current position
            </summary>
            <returns>The four-byte number</returns>
        </member>
        <member name="M:com.kaazing.gateway.client.html5.ByteBuffer.GetIntAt(System.Int32)">
            <summary>
            Returns a four-byte number from the buffer at the specified index
            </summary>
            <param name="i">The index</param>
            <returns>The four-byte number</returns>
        </member>
        <member name="M:com.kaazing.gateway.client.html5.ByteBuffer.GetLong">
            <summary>
            Returns an eight-byte number from the buffer at the current position
            </summary>
            <returns>The eight-byte number</returns>
        </member>
        <member name="M:com.kaazing.gateway.client.html5.ByteBuffer.GetLongAt(System.Int32)">
            <summary>
            Returns an eight-byte number from the buffer at the specified index
            </summary>
            <param name="i">The index</param>
            <returns>The eight-byte number</returns>
        </member>
        <member name="M:com.kaazing.gateway.client.html5.ByteBuffer.GetUnsigned">
            <summary>
            Returns an unsigned one-byte number from the buffer at the current position
            </summary>
            <returns>The unsigned byte</returns>
        </member>
        <member name="M:com.kaazing.gateway.client.html5.ByteBuffer.GetUnsignedShort">
            <summary>
            Returns an unsigned two-byte number from the buffer at the current position
            </summary>
            <returns>The unsigned two-byte number</returns>
        </member>
        <member name="M:com.kaazing.gateway.client.html5.ByteBuffer.GetUnsignedMediumInt">
            <summary>
            Returns an unsigned three-byte number from the buffer at the current position
            </summary>
            <returns>The unsigned three-byte number</returns>
        </member>
        <member name="M:com.kaazing.gateway.client.html5.ByteBuffer.GetUnsignedInt">
            <summary>
            Returns an unsigned four-byte number from the buffer at the current position
            </summary>
            <returns>The unsigned four-byte number</returns>
        </member>
        <member name="M:com.kaazing.gateway.client.html5.ByteBuffer.GetPrefixedString(System.Int32,System.Text.Encoding)">
            <summary>
            Returns a length-prefixed string from the buffer at the current position
            </summary>
            <param name="fieldSize">The width in bytes of the prefixed length field</param>
            <param name="cs">The character set</param>
            <returns>The length-prefixed string</returns>
        </member>
        <member name="M:com.kaazing.gateway.client.html5.ByteBuffer.GetString(System.Text.Encoding)">
            <summary>
            Returns a null-terminated string from the buffer at the current position. 
            If the end of buffer if reached before discovering a null terminator byte,
            then the decoded string includes all bytes up to the end of the buffer.
            </summary>
            <param name="cs">The character set</param>
            <returns>The null-terminated string</returns>
        </member>
        <member name="M:com.kaazing.gateway.client.html5.ByteBuffer.GetBytes(System.Byte[],System.Int32,System.Int32)">
            <summary>
            Reads specified number of bytes to the target array
            </summary>
            <param name="buffer">The target buffer</param>
            <param name="offset">The offset in the buffer</param>
            <param name="length">The number of bytes to read</param>
            <returns>The single byte</returns>
        </member>
        <member name="M:com.kaazing.gateway.client.html5.ByteBuffer.Slice">
            <summary>
            Returns a sliced buffer, setting the position to zero, and decrementing
            the limit accordingly.
            </summary>
            <returns>The sliced buffer</returns>
        </member>
        <member name="M:com.kaazing.gateway.client.html5.ByteBuffer.Rewind">
            <summary>
            Rewinds the buffer. The position is set to zero and the mark is reset.
            
            </summary>
            <returns>The buffer</returns>        
        </member>
        <member name="M:com.kaazing.gateway.client.html5.ByteBuffer.ToString">
            <summary>
            Returns the string representation of the buffer.
            </summary>
            <returns>The string representation</returns>
        </member>
        <member name="M:com.kaazing.gateway.client.html5.ByteBuffer.GetHexDump">
            <summary>
            Returns a hex dump of this buffer.
            </summary>
            <returns>The hex dump</returns>
        </member>
        <member name="M:com.kaazing.gateway.client.html5.ByteBuffer.Expand(System.Int32)">
            <summary>
            Expands the buffer to support the expected number of remaining bytes
            after the current position.
            </summary>
            <param name="expectedRemaining">The expected number of remaining bytes</param>
            <returns>The buffer</returns>
        </member>
        <member name="M:com.kaazing.gateway.client.html5.ByteBuffer.ExpandAt(System.Int32,System.Int32)">
            <summary>
            Expands the buffer to support the expected number of remaining bytes
            after the specified index.
            </summary>
            <param name="i">The index</param>
            <param name="expectedRemaining">The expected number of remaining bytes</param>
            <returns>The buffer</returns>
        </member>
        <member name="P:com.kaazing.gateway.client.html5.ByteBuffer.Capacity">
            <summary>
            The number of bytes of storage available.
            </summary>
        </member>
        <member name="T:com.kaazing.gateway.client.html5.ByteOrder">
            <summary>
            Abstract class to represent BigEndian or LittleEndian byte order
            </summary>
        </member>
        <member name="F:com.kaazing.gateway.client.html5.ByteOrder.BIG_ENDIAN">
            <summary>
            Singleton representing BigEndian byte order (most significant byte first)
            </summary>
        </member>
        <member name="F:com.kaazing.gateway.client.html5.ByteOrder.LITTLE_ENDIAN">
            <summary>
            Singleton representing LittleEndian byte order (least significant byte first)
            </summary>
        </member>
        <member name="M:com.kaazing.gateway.client.html5.ByteOrder.ToString">
            <summary>
            Returns a string representing ByteOrder
            </summary>
            <returns>string</returns>
        </member>
        <member name="T:com.kaazing.gateway.client.html5.BigEndian">
            <summary>
            Class to represent BigEndian byte order (most significant byte first)
            </summary>
        </member>
        <member name="T:com.kaazing.gateway.client.html5.LittleEndian">
            <summary>
            Class to represent LittleEndian byte order (least significant byte first)
            </summary>
        </member>
        <member name="T:com.kaazing.gateway.client.html5.ByteSocket">
            <summary>
            ByteSocket provies a full-duplex binary communications channel.
            </summary>
        </member>
        <member name="F:com.kaazing.gateway.client.html5.ByteSocket.CONNECTING">
            <summary>
            ReadyState status while attempting to establish a connection
            </summary>
        </member>
        <member name="F:com.kaazing.gateway.client.html5.ByteSocket.OPEN">
            <summary>
            ReadyState status while connection is open.
            </summary>
        </member>
        <member name="F:com.kaazing.gateway.client.html5.ByteSocket.CLOSED">
            <summary>
            ReadyState status when connection has been closed.
            </summary>
        </member>
        <member name="M:com.kaazing.gateway.client.html5.ByteSocket.#ctor">
            <summary>
            Initializes a new instance of the class com.kaazing.gateway.client.html5.ByteSocket
            </summary>
        </member>
        <member name="M:com.kaazing.gateway.client.html5.ByteSocket.Connect(System.String)">
            <summary>
            Connect to a remote ByteSocket server.
            </summary>
            <param name="location">URL to connect to</param>
        </member>
        <member name="M:com.kaazing.gateway.client.html5.ByteSocket.Connect(System.String,System.String)">
            <summary>
            Connect to a remote ByteSocket server.
            </summary>
            <param name="location">URI string such as "ws://example.com:8000/path"</param>
            <param name="protocol">Subprotocol to be communicated over the ByteSocket</param>
        </member>
        <member name="M:com.kaazing.gateway.client.html5.ByteSocket.Send(com.kaazing.gateway.client.html5.ByteBuffer)">
            <summary>
            Send binary data over a ByteSocket connection.
            </summary>
            <param name="message">Message payload.</param>
        </member>
        <member name="M:com.kaazing.gateway.client.html5.ByteSocket.Close">
            <summary>
            Closes the full-duplex connection.
            </summary>
        </member>
        <member name="P:com.kaazing.gateway.client.html5.ByteSocket.ReadyState">
            <summary>
            The current connection state.
            </summary>
        </member>
        <member name="P:com.kaazing.gateway.client.html5.ByteSocket.URL">
            <summary>
            The URL with which the WebSocket was constructed.
            </summary>
        </member>
        <member name="P:com.kaazing.gateway.client.html5.ByteSocket.BufferedAmount">
            <summary>
            The number of bytes that are queued to send.
            </summary>
        </member>
        <member name="E:com.kaazing.gateway.client.html5.ByteSocket.OpenEvent">
            <summary>
            Occurs when the connection has opened.
            </summary>
        </member>
        <member name="E:com.kaazing.gateway.client.html5.ByteSocket.MessageEvent">
            <summary>
            Occurs when a message has been received.
            </summary>
        </member>
        <member name="E:com.kaazing.gateway.client.html5.ByteSocket.CloseEvent">
            <summary>
            Occurs when the connection has closed.
            </summary>
        </member>
        <member name="T:com.kaazing.gateway.client.html5.CloseEventArgs">
            <summary>
            Event representing Close of a channel
            </summary>
        </member>
        <member name="T:com.kaazing.gateway.client.html5.CloseEventHandler">
            <summary>
            Delegate type for handling Close events
            </summary>
            <param name="sender"></param>
            <param name="args"></param>
        </member>
        <member name="T:com.kaazing.gateway.client.html5.DownStream">
            <summary>
            DownStream receives data from the server via binary wseb
            </summary>
        </member>
        <member name="M:com.kaazing.gateway.client.html5.DownStream.#ctor">
            <summary>
            Initializes a new instance of a DownStream
            </summary>
        </member>
        <member name="M:com.kaazing.gateway.client.html5.DownStream.Connect(System.String)">
            <summary>
            Connect to a remote event stream.
            </summary>
            <param name="url">Represents the URI of the remote event stream.</param>
        </member>
        <member name="M:com.kaazing.gateway.client.html5.DownStream.Disconnect">
            <summary>
            Stop the EventStream.
            </summary>
        </member>
        <member name="M:com.kaazing.gateway.client.html5.DownStream.process">
            <summary>Process frames from inbound messages</summary>
        </member>
        <member name="P:com.kaazing.gateway.client.html5.DownStream.URL">
            <summary>
            The location string with which the DownStream was constructed.
            </summary>
        </member>
        <member name="E:com.kaazing.gateway.client.html5.DownStream.MessageEvent">
            <summary>
            Occurs when a message is received from the remote event target.
            </summary>
        </member>
        <member name="E:com.kaazing.gateway.client.html5.DownStream.OpenEvent">
            <summary>
            Occurs when the DownStream has opened.
            </summary>
        </member>
        <member name="E:com.kaazing.gateway.client.html5.DownStream.ErrorEvent">
            <summary>
            Occurs when the DownStream has closed due to an error.
            </summary>
        </member>
        <member name="M:com.kaazing.gateway.client.html5.EmulatedHttpRequest.Connect(System.String,System.String,System.Collections.Generic.Dictionary{System.String,System.String})">
            <summary>
            Connect with intended method, url, headers and body using emulation if necessary, then send postBody and commit.
            </summary>
            <param name="method">Method</param>
            <param name="url">Url</param>
            <param name="requestHeaders">Headers</param>
        </member>
        <member name="P:com.kaazing.gateway.client.html5.EmulatedHttpRequest.StatusCode">
            <summary>
            Status Code returned in the response
            </summary>
        </member>
        <member name="E:com.kaazing.gateway.client.html5.EmulatedHttpRequest.ReadyEvent">
            <summary>
            Occurs when a request stream is ready for writing.
            </summary>
        </member>
        <member name="E:com.kaazing.gateway.client.html5.EmulatedHttpRequest.OpenEvent">
            <summary>
            Occurs when a response stream is available.
            </summary>
        </member>
        <member name="E:com.kaazing.gateway.client.html5.EmulatedHttpRequest.ProgressEvent">
            <summary>
            Occurs when data is received in the response
            </summary>
        </member>
        <member name="E:com.kaazing.gateway.client.html5.EmulatedHttpRequest.LoadEvent">
            <summary>
            Occurs when a request has successfully completed.
            </summary>
        </member>
        <member name="E:com.kaazing.gateway.client.html5.EmulatedHttpRequest.ErrorEvent">
            <summary>
            Occurs when an error prevents the response from completing successfully (network error or aborted request)
            </summary>
        </member>
        <member name="T:com.kaazing.gateway.client.html5.ErrorEventArgs">
            <summary>
            Event representing an error while receiving HttpRequest response
            </summary>
        </member>
        <member name="M:com.kaazing.gateway.client.html5.ErrorEventArgs.#ctor">
            <summary>
            Event representing error for a channel
            </summary>
        </member>
        <member name="M:com.kaazing.gateway.client.html5.ErrorEventArgs.#ctor(System.String)">
            <summary>
            Event representing error for a channel
            </summary>
            <param name="message">
            Message representing the type of error
            </param>
        </member>
        <member name="M:com.kaazing.gateway.client.html5.ErrorEventArgs.#ctor(System.Exception)">
            <summary>
            Event representing error for a channel
            </summary>
            <param name="message">
            exception representing the type of error
            </param>
        </member>
        <member name="P:com.kaazing.gateway.client.html5.ErrorEventArgs.Message">
            <summary>
            Get Message representing the type of error
            </summary>
        </member>
        <member name="P:com.kaazing.gateway.client.html5.ErrorEventArgs.GetException">
            <summary>
            Get Exception representing the error
            </summary>
        </member>
        <member name="T:com.kaazing.gateway.client.html5.ErrorEventHandler">
            <summary>
            Delegate type for handling Error events
            </summary>
            <param name="sender"></param>
            <param name="args"></param>
        </member>
        <member name="T:com.kaazing.gateway.client.html5.EventSource">
            <summary>
            EventSource provides access to remote Server-sent event streams.
            </summary>
        </member>
        <member name="M:com.kaazing.gateway.client.html5.EventSource.#ctor">
            <summary>
            Initializes a new instance of an EventSource
            </summary>
        </member>
        <member name="M:com.kaazing.gateway.client.html5.EventSource.Connect(System.String)">
            <summary>
            Connect to a remote event stream.
            </summary>
            <param name="url">Represents the URI of the remote event stream.</param>
        </member>
        <member name="M:com.kaazing.gateway.client.html5.EventSource.Disconnect">
            <summary>
            Stop the EventStream.
            </summary>
        </member>
        <member name="M:com.kaazing.gateway.client.html5.EventSource.process(System.String)">
            <summary>
            http://www.whatwg.org/specs/web-apps/current-work/#event-stream-interpretation
            (ported from JavaScript->ActionScript->C#)
            </summary>
        </member>
        <member name="M:com.kaazing.gateway.client.html5.EventSource.dispatch">
            <summary>
            Takes an associated block of sse lines, determines the type,
            parses out the payload, and performs the resulting action
            (change reconnect time or dispatch an event).
            </summary>
        </member>
        <member name="P:com.kaazing.gateway.client.html5.EventSource.ReadyState">
            <summary>
            The current connection state.
            </summary>
        </member>
        <member name="P:com.kaazing.gateway.client.html5.EventSource.URL">
            <summary>
            The location string with which the EventSource was constructed.
            </summary>
        </member>
        <member name="E:com.kaazing.gateway.client.html5.EventSource.MessageEvent">
            <summary>
            Occurs when a message is received from the remote event target.
            </summary>
        </member>
        <member name="E:com.kaazing.gateway.client.html5.EventSource.OpenEvent">
            <summary>
            Occurs when the EventSource has established a connection with the server.
            </summary>
        </member>
        <member name="E:com.kaazing.gateway.client.html5.EventSource.ErrorEvent">
            <summary>
            Occurs when the EventSource has closed due to an error.
            </summary>
        </member>
        <member name="M:com.kaazing.gateway.client.html5.HttpRequest.#ctor">
            <summary>
            Initializes a new instance HttpRequest class.
            </summary>
        </member>
        <member name="M:com.kaazing.gateway.client.html5.HttpRequest.Write(com.kaazing.gateway.client.html5.ByteBuffer)">
            <summary>
            Sends data in the ByteBuffer provided
            </summary>
        </member>
        <member name="M:com.kaazing.gateway.client.html5.HttpRequest.Write(System.Byte[],System.Int32,System.Int32)">
            <summary>
            Sends data at the offset provide
            </summary>
        </member>
        <member name="M:com.kaazing.gateway.client.html5.HttpRequest.Commit">
            <summary>
            Commits all previously sent data and initiates response process
            </summary>
        </member>
        <member name="M:com.kaazing.gateway.client.html5.HttpRequest.Close">
            <summary>
            Closes a request.
            </summary>
        </member>
        <member name="M:com.kaazing.gateway.client.html5.HttpRequest.Abort">
            <summary>
            Cancels a pending request or closes a request in progress.
            </summary>
        </member>
        <member name="P:com.kaazing.gateway.client.html5.HttpRequest.StatusCode">
            <summary>
            Status Code returned in the response
            </summary>
        </member>
        <member name="E:com.kaazing.gateway.client.html5.HttpRequest.ReadyEvent">
            <summary>
            Occurs when a request stream is ready to write.
            </summary>
        </member>
        <member name="E:com.kaazing.gateway.client.html5.HttpRequest.OpenEvent">
            <summary>
            Occurs when a response stream is available.
            </summary>
        </member>
        <member name="E:com.kaazing.gateway.client.html5.HttpRequest.LoadEvent">
            <summary>
            Occurs when a request has successfully completed.
            </summary>
        </member>
        <member name="E:com.kaazing.gateway.client.html5.HttpRequest.ProgressEvent">
            <summary>
            Occurs when data is received in the response
            </summary>
        </member>
        <member name="E:com.kaazing.gateway.client.html5.HttpRequest.ErrorEvent">
            <summary>
            Occurs when an error prevents the response from completing successfully (network error or aborted request)
            </summary>
        </member>
        <member name="T:com.kaazing.gateway.client.html5.LoadEventArgs">
            <summary>
            Event representing completion (load) of HttpRequest
            </summary>
        </member>
        <member name="M:com.kaazing.gateway.client.html5.LoadEventArgs.#ctor(System.Net.HttpStatusCode)">
            <summary>
            Event representing progress for a channel
            </summary>
        </member>
        <member name="P:com.kaazing.gateway.client.html5.LoadEventArgs.StatusCode">
            <summary>
            Status Code of the event
            </summary>
        </member>
        <member name="T:com.kaazing.gateway.client.html5.LoadEventHandler">
            <summary>
            Delegate type for handling Load events
            </summary>
            <param name="sender"></param>
            <param name="args"></param>
        </member>
        <member name="T:com.kaazing.gateway.client.html5.Logger">
            <summary>
            Logger implements client-side logging support
            </summary>
        </member>
        <member name="F:com.kaazing.gateway.client.html5.Logger.LoggerCallback">
            <summary>
            Provides callback for development access to Debug messages
            </summary>
        </member>
        <member name="M:com.kaazing.gateway.client.html5.Logger.log(System.String)">
            <summary>
            Logs a message to debug or application-defined logging
            </summary>
            <param name="message">The message to be logged</param>
        </member>
        <member name="T:com.kaazing.gateway.client.html5.Logger.Callback">
            <summary>
            Callback delegate for handling logged messages
            </summary>
        </member>
        <member name="T:com.kaazing.gateway.client.html5.MessageEventArgs">
            <summary>
            Event arguments when text-based messages are received
            </summary>
        </member>
        <member name="M:com.kaazing.gateway.client.html5.MessageEventArgs.#ctor(System.String,com.kaazing.gateway.client.html5.Origin,System.String)">
            <summary>
            Event arguments when text-based messages are received
            </summary>
        </member>
        <member name="P:com.kaazing.gateway.client.html5.MessageEventArgs.Data">
            <summary>
            Content of the message.
            </summary>
        </member>
        <member name="P:com.kaazing.gateway.client.html5.MessageEventArgs.Origin">
            <summary>
            Origin of the message
            </summary>
        </member>
        <member name="P:com.kaazing.gateway.client.html5.MessageEventArgs.EventId">
            <summary>
            Event Id of the message
            </summary>
        </member>
        <member name="T:com.kaazing.gateway.client.html5.MessageEventHandler">
            <summary>
            Delegate type for handling Message events
            </summary>
            <param name="sender"></param>
            <param name="args"></param>
        </member>
        <member name="T:com.kaazing.gateway.client.html5.ByteMessageEventHandler">
            <summary>
            Delegate type for handling ByteMessage events
            </summary>
            <param name="sender"></param>
            <param name="args"></param>
        </member>
        <member name="T:com.kaazing.gateway.client.html5.ByteMessageEventArgs">
            <summary>
            Event arguments when binary messages are received
            </summary>
        </member>
        <member name="M:com.kaazing.gateway.client.html5.ByteMessageEventArgs.#ctor(com.kaazing.gateway.client.html5.ByteBuffer,com.kaazing.gateway.client.html5.Origin,System.String)">
            <summary>
            Event arguments when binary messages are received
            </summary>
            <param name="data"></param>
            <param name="origin"></param>
            <param name="eventId"></param>
        </member>
        <member name="P:com.kaazing.gateway.client.html5.ByteMessageEventArgs.Data">
            <summary>
            Content of the message.
            </summary>
        </member>
        <member name="P:com.kaazing.gateway.client.html5.ByteMessageEventArgs.Origin">
            <summary>
            Origin of the message
            </summary>
        </member>
        <member name="P:com.kaazing.gateway.client.html5.ByteMessageEventArgs.EventId">
            <summary>
            Event Id of the message
            </summary>
        </member>
        <member name="T:com.kaazing.gateway.client.html5.OpenEventArgs">
            <summary>
            Event representing open of HttpRequest
            </summary>
        </member>
        <member name="T:com.kaazing.gateway.client.html5.OpenEventHandler">
            <summary>
            Delegate type for handling Open events
            </summary>
            <param name="sender"></param>
            <param name="args"></param>
        </member>
        <member name="T:com.kaazing.gateway.client.html5.Origin">
            <summary>
            Origin is security domain boundary for HTML 5 applications. It it composed of the
            scheme, host, and port of a URI.
            </summary>
        </member>
        <member name="M:com.kaazing.gateway.client.html5.Origin.#ctor(System.String)">
            <summary>
            Construct a new Origin using the scheme, host, and port of a URI.
            </summary>
            <param name="uriString">URI</param>
        </member>
        <member name="M:com.kaazing.gateway.client.html5.Origin.ToString">
            <summary>
            http://www.whatwg.org/specs/web-apps/current-work/#ascii-serialization-of-an-origin
            </summary>
            <returns></returns>
        </member>
        <member name="M:com.kaazing.gateway.client.html5.Origin.GetSourceOrigin">
            <summary>
            Returns the source origin of the application
            </summary>
            <returns>Origin</returns>
        </member>
        <member name="M:com.kaazing.gateway.client.html5.PlatformUtils.GetUnderlyingPlatformType(System.String,System.String)">
            <summary>
            Returns the Type representing the capabilities of the underlying platform (e.g. Silverlight)
            </summary>
            <param name="ns"></param>
            <param name="name"></param>
            <returns></returns>
        </member>
        <member name="T:com.kaazing.gateway.client.html5.ProgressEventArgs">
            <summary>
            Event representing progress for a channel
            </summary>
        </member>
        <member name="M:com.kaazing.gateway.client.html5.ProgressEventArgs.#ctor(System.String)">
            <summary>
            Event representing progress for a channel
            </summary>
        </member>
        <member name="P:com.kaazing.gateway.client.html5.ProgressEventArgs.Content">
            <summary>
            Content of the event
            </summary>
        </member>
        <member name="T:com.kaazing.gateway.client.html5.ProgressEventHandler">
            <summary>
            Delegate type for handling Progress events
            </summary>
            <param name="sender"></param>
            <param name="args"></param>
        </member>
        <member name="T:com.kaazing.gateway.client.html5.ByteProgressEventArgs">
            <summary>
            Event representing progress for a channel
            </summary>
        </member>
        <member name="M:com.kaazing.gateway.client.html5.ByteProgressEventArgs.#ctor(com.kaazing.gateway.client.html5.ByteBuffer)">
            <summary>
            Event representing progress for a channel
            </summary>
        </member>
        <member name="P:com.kaazing.gateway.client.html5.ByteProgressEventArgs.Content">
            <summary>
            Content of the event
            </summary>
        </member>
        <member name="T:com.kaazing.gateway.client.html5.ByteProgressEventHandler">
            <summary>
            Delegate type for handling Progress events
            </summary>
            <param name="sender"></param>
            <param name="args"></param>
        </member>
        <member name="T:com.kaazing.gateway.client.html5.UpStream">
            <summary>
            UpStream send data to the server via binary wseb
            </summary>
        </member>
        <member name="M:com.kaazing.gateway.client.html5.UpStream.#ctor">
            <summary>
            Initializes a new instance of a UpStream
            </summary>
        </member>
        <member name="F:com.kaazing.gateway.client.html5.UpStream._bufferedAmount">
            <summary>
            The number of bytes that are queued to send.
            </summary>
        </member>
        <member name="M:com.kaazing.gateway.client.html5.UpStream.Send(com.kaazing.gateway.client.html5.ByteBuffer)">
            <summary>
            Sends text-based data to the remote socket location.
            </summary>
            <param name="message"></param>
        </member>
        <member name="E:com.kaazing.gateway.client.html5.UpStream.ErrorEvent">
            <summary>
            Occurs when the UpStream has closed due to an error.
            </summary>
        </member>
        <member name="T:com.kaazing.gateway.client.html5.WebSocket">
            <summary>
            WebSocket provides a full-duplex text communications channel.
            </summary>
        </member>
        <member name="F:com.kaazing.gateway.client.html5.WebSocket.CONNECTING">
            <summary>
            ReadyState status while attempting to establish a connection
            </summary>
        </member>
        <member name="F:com.kaazing.gateway.client.html5.WebSocket.OPEN">
            <summary>
            ReadyState status while connection is open.
            </summary>
        </member>
        <member name="F:com.kaazing.gateway.client.html5.WebSocket.CLOSED">
            <summary>
            ReadyState status when connection has been closed.
            </summary>
        </member>
        <member name="M:com.kaazing.gateway.client.html5.WebSocket.#ctor">
            <summary>
            Initializes a new instance of the com.kaazing.gateway.client.html5.WebSocket class.
            </summary>
        </member>
        <member name="M:com.kaazing.gateway.client.html5.WebSocket.Connect(System.String,System.String)">
            <summary>
            Connect to a remote WebSocket server.
            </summary>
            <param name="location">URI string such as "ws://example.com:8000/path"</param>
            <param name="protocol">Subprotocol to be communicated over the WebSocket</param>
        </member>
        <member name="M:com.kaazing.gateway.client.html5.WebSocket.Connect(System.String)">
            <summary>
            Connect to a remote WebSocket server.
            </summary>
            <param name="location">URI string such as "ws://example.com:8000/path"</param>
        </member>
        <member name="M:com.kaazing.gateway.client.html5.WebSocket.Send(System.String)">
            <summary>
            Sends text-based data to the remote socket location.
            </summary>
            <param name="message">Message payload</param>
        </member>
        <member name="M:com.kaazing.gateway.client.html5.WebSocket.Close">
            <summary>
            Closes the full-duplex connection.
            </summary>
        </member>
        <member name="P:com.kaazing.gateway.client.html5.WebSocket.ReadyState">
            <summary>
            The current connection state.
            </summary>
        </member>
        <member name="P:com.kaazing.gateway.client.html5.WebSocket.URL">
            <summary>
            The URL with which the WebSocket was constructed.
            </summary>
        </member>
        <member name="P:com.kaazing.gateway.client.html5.WebSocket.BufferedAmount">
            <summary>
            The number of bytes that are queued to send.
            </summary>
        </member>
        <member name="E:com.kaazing.gateway.client.html5.WebSocket.OpenEvent">
            <summary>
            Occurs when the connection has opened.
            </summary>
        </member>
        <member name="E:com.kaazing.gateway.client.html5.WebSocket.MessageEvent">
            <summary>
            Occurs when a message has been received.
            </summary>
        </member>
        <member name="E:com.kaazing.gateway.client.html5.WebSocket.CloseEvent">
            <summary>
            Occurs when the connection has closed.
            </summary>
        </member>
        <member name="T:com.kaazing.gateway.client.html5.WebSocketDelegate">
            <summary>
            WebSocket provides a full-duplex text communications channel.
            </summary>
        </member>
        <member name="M:com.kaazing.gateway.client.html5.WebSocketDelegate.#ctor">
            <summary>
            Initializes a new instance of the com.kaazing.gateway.client.html5.WebSocket class.
            </summary>
        </member>
        <member name="M:com.kaazing.gateway.client.html5.WebSocketDelegate.Connect(System.String,System.String)">
            <summary>
            Connect to a remote WebSocket server.
            </summary>
            <param name="location">URI string such as "ws://example.com:8000/path"</param>
            <param name="protocol">Subprotocol to be communicated over the WebSocket</param>
        </member>
        <member name="M:com.kaazing.gateway.client.html5.WebSocketDelegate.Send(com.kaazing.gateway.client.html5.ByteBuffer)">
            <summary>
            Sends text-based data to the remote socket location.
            </summary>
            <param name="message"></param>
        </member>
        <member name="P:com.kaazing.gateway.client.html5.WebSocketDelegate.ReadyState">
            <summary>
            The current connection state.
            </summary>
        </member>
        <member name="P:com.kaazing.gateway.client.html5.WebSocketDelegate.URL">
            <summary>
            The URL with which the WebSocket was constructed.
            </summary>
        </member>
        <member name="P:com.kaazing.gateway.client.html5.WebSocketDelegate.BufferedAmount">
            <summary>
            The number of bytes that are queued to send.
            </summary>
        </member>
        <member name="E:com.kaazing.gateway.client.html5.WebSocketDelegate.OpenEvent">
            <summary>
            Occurs when the connection has opened.
            </summary>
        </member>
        <member name="E:com.kaazing.gateway.client.html5.WebSocketDelegate.MessageEvent">
            <summary>
            Occurs when a message has been received.
            </summary>
        </member>
        <member name="E:com.kaazing.gateway.client.html5.WebSocketDelegate.CloseEvent">
            <summary>
            Occurs when the connection has closed.
            </summary>
        </member>
        <member name="T:com.kaazing.gateway.client.html5.WebSocketDelegate.IllegalStateException">
            <summary>
            Thrown when an operation is performed while in an invalid state
            </summary>
        </member>
        <member name="M:com.kaazing.gateway.client.html5.WebSocketDelegate.IllegalStateException.#ctor(System.String)">
            <summary>
            Thrown when an operation is performed while in an invalid state
            </summary>
        </member>
        <member name="T:com.kaazing.gateway.client.html5.WebSocketDelegate.IllegalArgumentException">
            <summary>
            Thrown when an illegal argument is passed to a function or method
            </summary>
        </member>
        <member name="M:com.kaazing.gateway.client.html5.WebSocketDelegate.IllegalArgumentException.#ctor(System.String)">
            <summary>
            Thrown when an illegal argument is passed to a function or method
            </summary>
        </member>
    </members>
</doc>
